 10, 0.00,  1
 10, 0.01,  1
 10, 0.02,  1
 10, 0.03,  1
 10, 0.04,  3
 10, 0.05,  3
 10, 0.06,  3
 10, 0.07,  3
 10, 0.08,  3
 10, 0.09,  5
 10, 0.10,  5
 10, 0.11,  5
 10, 0.12,  7
 10, 0.13,  7
 10, 0.14,  7
 10, 0.15,  7
 10, 0.16,  7
 10, 0.17,  9
 10, 0.18,  7
 10, 0.19, 11
 10, 0.20, 11
 10, 0.21, 11
 10, 0.22, 11
 10, 0.23, 11
 10, 0.24, 13
 10, 0.25, 15
 10, 0.26, 15
 10, 0.27, 11
 10, 0.28, 11
 10, 0.29, 11
 10, 0.30, 11
 10, 0.31, 11
 10, 0.32, 11
 10, 0.33, 11
 10, 0.34, 15
 10, 0.35, 15
 10, 0.36, 15
 10, 0.37, 15
 10, 0.38,  1
 10, 0.39,  1
 10, 0.40,  1
 11, 0.00,  1
 11, 0.01,  1
 11, 0.02,  3
 11, 0.03,  3
 11, 0.04,  3
 11, 0.05,  3
 11, 0.06,  3
 11, 0.07,  3
 11, 0.08,  3
 11, 0.09,  3
 11, 0.10,  5
 11, 0.11,  5
 11, 0.12,  5
 11, 0.13,  5
 11, 0.14,  7
 11, 0.15,  5
 11, 0.16,  7
 11, 0.17,  7
 11, 0.18,  9
 11, 0.19,  7
 11, 0.20,  9
 11, 0.21,  9
 11, 0.22, 13
 11, 0.23, 15
 11, 0.24,  9
 11, 0.25, 13
 11, 0.26, 13
 11, 0.27, 15
 11, 0.28, 15
 11, 0.29, 15
 11, 0.30, 15
 11, 0.31, 15
 11, 0.32, 13
 11, 0.33, 13
 11, 0.34, 13
 11, 0.35, 13
 11, 0.36, 13
 11, 0.37, 15
 11, 0.38, 13
 11, 0.39, 13
 11, 0.40, 15
 12, 0.00,  1
 12, 0.01,  1
 12, 0.02,  3
 12, 0.03,  3
 12, 0.04,  3
 12, 0.05,  3
 12, 0.06,  3
 12, 0.07,  3
 12, 0.08,  3
 12, 0.09,  3
 12, 0.10,  3
 12, 0.11,  5
 12, 0.12,  7
 12, 0.13,  7
 12, 0.14,  7
 12, 0.15,  7
 12, 0.16, 11
 12, 0.17,  7
 12, 0.18,  9
 12, 0.19, 11
 12, 0.20, 11
 12, 0.21, 15
 12, 0.22, 13
 12, 0.23, 15
 12, 0.24, 15
 12, 0.25, 15
 12, 0.26, 15
 12, 0.27, 15
 12, 0.28, 15
 12, 0.29, 15
 12, 0.30, 15
 12, 0.31, 13
 12, 0.32, 15
 12, 0.33, 13
 12, 0.34,  9
 12, 0.35,  1
 12, 0.36, 13
 12, 0.37,  1
 12, 0.38,  1
 12, 0.39,  1
 12, 0.40,  1
 13, 0.00,  1
 13, 0.01,  3
 13, 0.02,  3
 13, 0.03,  3
 13, 0.04,  3
 13, 0.05,  3
 13, 0.06,  3
 13, 0.07,  3
 13, 0.08,  5
 13, 0.09,  7
 13, 0.10,  7
 13, 0.11,  5
 13, 0.12,  7
 13, 0.13,  7
 13, 0.14,  5
 13, 0.15,  7
 13, 0.16,  7
 13, 0.17, 13
 13, 0.18,  7
 13, 0.19, 15
 13, 0.20, 15
 13, 0.21, 15
 13, 0.22, 15
 13, 0.23,  9
 13, 0.24, 13
 13, 0.25, 11
 13, 0.26, 15
 13, 0.27, 11
 13, 0.28, 13
 13, 0.29, 11
 13, 0.30, 11
 13, 0.31, 15
 13, 0.32, 15
 13, 0.33, 11
 13, 0.34,  9
 13, 0.35,  9
 13, 0.36, 11
 13, 0.37,  1
 13, 0.38,  1
 13, 0.39,  1
 13, 0.40,  1
 14, 0.00,  1
 14, 0.01,  1
 14, 0.02,  3
 14, 0.03,  3
 14, 0.04,  3
 14, 0.05,  3
 14, 0.06,  3
 14, 0.07,  5
 14, 0.08,  5
 14, 0.09,  5
 14, 0.10,  5
 14, 0.11,  7
 14, 0.12,  7
 14, 0.13,  7
 14, 0.14,  9
 14, 0.15,  7
 14, 0.16, 11
 14, 0.17,  7
 14, 0.18,  9
 14, 0.19, 13
 14, 0.20,  9
 14, 0.21, 15
 14, 0.22, 15
 14, 0.23, 11
 14, 0.24, 13
 14, 0.25, 11
 14, 0.26, 15
 14, 0.27, 11
 14, 0.28, 11
 14, 0.29, 11
 14, 0.30, 13
 14, 0.31, 11
 14, 0.32, 15
 14, 0.33, 13
 14, 0.34, 11
 14, 0.35,  9
 14, 0.36,  1
 14, 0.37,  1
 14, 0.38,  1
 14, 0.39, 15
 14, 0.40, 15
 15, 0.00,  1
 15, 0.01,  1
 15, 0.02,  3
 15, 0.03,  3
 15, 0.04,  3
 15, 0.05,  3
 15, 0.06,  3
 15, 0.07,  3
 15, 0.08,  3
 15, 0.09,  5
 15, 0.10,  7
 15, 0.11,  5
 15, 0.12,  5
 15, 0.13,  7
 15, 0.14,  7
 15, 0.15,  5
 15, 0.16,  7
 15, 0.17, 13
 15, 0.18, 11
 15, 0.19, 11
 15, 0.20,  9
 15, 0.21,  9
 15, 0.22, 11
 15, 0.23, 13
 15, 0.24, 13
 15, 0.25, 13
 15, 0.26, 13
 15, 0.27, 13
 15, 0.28, 15
 15, 0.29, 15
 15, 0.30, 11
 15, 0.31, 15
 15, 0.32, 13
 15, 0.33, 15
 15, 0.34,  7
 15, 0.35, 15
 15, 0.36, 11
 15, 0.37, 11
 15, 0.38,  1
 15, 0.39, 11
 15, 0.40,  1
 16, 0.00,  1
 16, 0.01,  1
 16, 0.02,  3
 16, 0.03,  3
 16, 0.04,  3
 16, 0.05,  3
 16, 0.06,  3
 16, 0.07,  5
 16, 0.08,  3
 16, 0.09,  5
 16, 0.10,  5
 16, 0.11,  5
 16, 0.12,  5
 16, 0.13,  5
 16, 0.14,  7
 16, 0.15,  7
 16, 0.16,  7
 16, 0.17,  7
 16, 0.18,  9
 16, 0.19, 11
 16, 0.20, 15
 16, 0.21, 11
 16, 0.22, 15
 16, 0.23, 13
 16, 0.24, 15
 16, 0.25, 15
 16, 0.26, 15
 16, 0.27, 15
 16, 0.28, 15
 16, 0.29, 13
 16, 0.30, 13
 16, 0.31, 11
 16, 0.32,  9
 16, 0.33, 11
 16, 0.34, 13
 16, 0.35, 15
 16, 0.36, 13
 16, 0.37,  1
 16, 0.38,  1
 16, 0.39,  1
 16, 0.40,  1
 17, 0.00,  1
 17, 0.01,  3
 17, 0.02,  3
 17, 0.03,  3
 17, 0.04,  3
 17, 0.05,  3
 17, 0.06,  3
 17, 0.07,  3
 17, 0.08,  3
 17, 0.09,  5
 17, 0.10,  5
 17, 0.11,  5
 17, 0.12,  5
 17, 0.13,  5
 17, 0.14,  7
 17, 0.15,  7
 17, 0.16,  9
 17, 0.17,  7
 17, 0.18, 11
 17, 0.19, 11
 17, 0.20, 11
 17, 0.21, 11
 17, 0.22, 11
 17, 0.23, 13
 17, 0.24, 13
 17, 0.25, 13
 17, 0.26, 13
 17, 0.27, 11
 17, 0.28, 15
 17, 0.29, 13
 17, 0.30, 13
 17, 0.31, 11
 17, 0.32, 13
 17, 0.33, 13
 17, 0.34, 13
 17, 0.35, 13
 17, 0.36, 13
 17, 0.37, 13
 17, 0.38,  1
 17, 0.39,  1
 17, 0.40,  1
 18, 0.00,  1
 18, 0.01,  1
 18, 0.02,  3
 18, 0.03,  3
 18, 0.04,  3
 18, 0.05,  3
 18, 0.06,  3
 18, 0.07,  3
 18, 0.08,  3
 18, 0.09,  5
 18, 0.10,  5
 18, 0.11,  5
 18, 0.12,  5
 18, 0.13,  5
 18, 0.14,  7
 18, 0.15,  7
 18, 0.16,  7
 18, 0.17,  7
 18, 0.18,  7
 18, 0.19, 15
 18, 0.20, 15
 18, 0.21, 11
 18, 0.22, 15
 18, 0.23, 15
 18, 0.24, 15
 18, 0.25, 15
 18, 0.26, 13
 18, 0.27, 15
 18, 0.28, 15
 18, 0.29, 13
 18, 0.30, 13
 18, 0.31, 15
 18, 0.32, 15
 18, 0.33,  1
 18, 0.34,  1
 18, 0.35,  1
 18, 0.36,  1
 18, 0.37,  1
 18, 0.38,  1
 18, 0.39,  1
 18, 0.40,  1
 19, 0.00,  1
 19, 0.01,  1
 19, 0.02,  3
 19, 0.03,  3
 19, 0.04,  3
 19, 0.05,  3
 19, 0.06,  3
 19, 0.07,  3
 19, 0.08,  5
 19, 0.09,  5
 19, 0.10,  3
 19, 0.11,  3
 19, 0.12,  7
 19, 0.13,  7
 19, 0.14,  7
 19, 0.15,  7
 19, 0.16,  7
 19, 0.17,  7
 19, 0.18, 13
 19, 0.19, 15
 19, 0.20, 13
 19, 0.21, 15
 19, 0.22, 11
 19, 0.23, 15
 19, 0.24, 13
 19, 0.25, 15
 19, 0.26, 13
 19, 0.27, 15
 19, 0.28, 13
 19, 0.29, 15
 19, 0.30, 11
 19, 0.31, 15
 19, 0.32, 15
 19, 0.33, 15
 19, 0.34, 13
 19, 0.35, 15
 19, 0.36, 13
 19, 0.37,  1
 19, 0.38,  1
 19, 0.39,  1
 19, 0.40,  1
 20, 0.00,  1
 20, 0.01,  1
 20, 0.02,  3
 20, 0.03,  3
 20, 0.04,  3
 20, 0.05,  3
 20, 0.06,  3
 20, 0.07,  3
 20, 0.08,  5
 20, 0.09,  5
 20, 0.10,  5
 20, 0.11,  7
 20, 0.12,  7
 20, 0.13,  7
 20, 0.14,  9
 20, 0.15, 11
 20, 0.16, 11
 20, 0.17, 13
 20, 0.18, 15
 20, 0.19, 15
 20, 0.20, 13
 20, 0.21, 13
 20, 0.22, 15
 20, 0.23, 13
 20, 0.24, 13
 20, 0.25, 13
 20, 0.26, 11
 20, 0.27, 11
 20, 0.28, 15
 20, 0.29, 13
 20, 0.30, 11
 20, 0.31, 13
 20, 0.32, 13
 20, 0.33, 15
 20, 0.34, 13
 20, 0.35, 13
 20, 0.36, 13
 20, 0.37,  1
 20, 0.38,  1
 20, 0.39,  1
 20, 0.40,  1
 21, 0.00,  1
 21, 0.01,  1
 21, 0.02,  3
 21, 0.03,  3
 21, 0.04,  3
 21, 0.05,  3
 21, 0.06,  3
 21, 0.07,  5
 21, 0.08,  5
 21, 0.09,  5
 21, 0.10,  5
 21, 0.11,  5
 21, 0.12,  7
 21, 0.13, 11
 21, 0.14,  7
 21, 0.15, 11
 21, 0.16,  9
 21, 0.17, 15
 21, 0.18,  9
 21, 0.19,  9
 21, 0.20, 15
 21, 0.21, 13
 21, 0.22, 15
 21, 0.23, 11
 21, 0.24, 15
 21, 0.25, 15
 21, 0.26, 15
 21, 0.27, 13
 21, 0.28, 13
 21, 0.29, 15
 21, 0.30, 15
 21, 0.31, 13
 21, 0.32, 11
 21, 0.33, 15
 21, 0.34, 13
 21, 0.35,  1
 21, 0.36,  1
 21, 0.37,  1
 21, 0.38,  1
 21, 0.39,  1
 21, 0.40,  1
 22, 0.00,  1
 22, 0.01,  3
 22, 0.02,  3
 22, 0.03,  3
 22, 0.04,  3
 22, 0.05,  3
 22, 0.06,  3
 22, 0.07,  3
 22, 0.08,  5
 22, 0.09,  5
 22, 0.10,  5
 22, 0.11,  5
 22, 0.12,  5
 22, 0.13,  5
 22, 0.14,  7
 22, 0.15, 11
 22, 0.16, 11
 22, 0.17, 15
 22, 0.18, 13
 22, 0.19, 15
 22, 0.20, 11
 22, 0.21, 13
 22, 0.22, 15
 22, 0.23, 15
 22, 0.24, 13
 22, 0.25, 11
 22, 0.26, 15
 22, 0.27, 11
 22, 0.28, 15
 22, 0.29, 15
 22, 0.30, 15
 22, 0.31, 13
 22, 0.32, 11
 22, 0.33, 15
 22, 0.34, 13
 22, 0.35,  1
 22, 0.36,  1
 22, 0.37,  1
 22, 0.38,  1
 22, 0.39,  1
 22, 0.40,  1
 23, 0.00,  1
 23, 0.01,  1
 23, 0.02,  3
 23, 0.03,  3
 23, 0.04,  3
 23, 0.05,  3
 23, 0.06,  3
 23, 0.07,  3
 23, 0.08,  3
 23, 0.09,  5
 23, 0.10,  5
 23, 0.11,  5
 23, 0.12,  7
 23, 0.13,  7
 23, 0.14,  7
 23, 0.15,  9
 23, 0.16,  7
 23, 0.17,  7
 23, 0.18, 13
 23, 0.19, 15
 23, 0.20,  9
 23, 0.21, 15
 23, 0.22, 15
 23, 0.23, 13
 23, 0.24, 11
 23, 0.25, 13
 23, 0.26, 13
 23, 0.27, 15
 23, 0.28, 15
 23, 0.29, 15
 23, 0.30, 11
 23, 0.31, 15
 23, 0.32, 13
 23, 0.33,  9
 23, 0.34,  1
 23, 0.35,  1
 23, 0.36,  1
 23, 0.37,  1
 23, 0.38,  1
 23, 0.39,  1
 23, 0.40,  1
 24, 0.00,  1
 24, 0.01,  1
 24, 0.02,  3
 24, 0.03,  3
 24, 0.04,  3
 24, 0.05,  3
 24, 0.06,  3
 24, 0.07,  3
 24, 0.08,  3
 24, 0.09,  5
 24, 0.10,  5
 24, 0.11,  5
 24, 0.12,  5
 24, 0.13,  7
 24, 0.14,  9
 24, 0.15, 11
 24, 0.16,  7
 24, 0.17, 11
 24, 0.18, 11
 24, 0.19, 11
 24, 0.20, 11
 24, 0.21, 11
 24, 0.22, 15
 24, 0.23, 13
 24, 0.24, 11
 24, 0.25, 15
 24, 0.26, 15
 24, 0.27, 15
 24, 0.28, 13
 24, 0.29, 15
 24, 0.30, 13
 24, 0.31,  9
 24, 0.32, 13
 24, 0.33, 15
 24, 0.34, 13
 24, 0.35,  1
 24, 0.36,  1
 24, 0.37,  1
 24, 0.38,  1
 24, 0.39,  1
 24, 0.40,  1
 25, 0.00,  1
 25, 0.01,  3
 25, 0.02,  3
 25, 0.03,  3
 25, 0.04,  3
 25, 0.05,  3
 25, 0.06,  5
 25, 0.07,  5
 25, 0.08,  5
 25, 0.09,  5
 25, 0.10,  5
 25, 0.11,  5
 25, 0.12,  5
 25, 0.13,  9
 25, 0.14,  7
 25, 0.15,  9
 25, 0.16,  5
 25, 0.17, 13
 25, 0.18, 13
 25, 0.19, 15
 25, 0.20,  9
 25, 0.21, 13
 25, 0.22, 11
 25, 0.23, 15
 25, 0.24, 15
 25, 0.25, 15
 25, 0.26, 15
 25, 0.27, 15
 25, 0.28, 11
 25, 0.29, 13
 25, 0.30, 13
 25, 0.31, 13
 25, 0.32, 15
 25, 0.33, 15
 25, 0.34, 15
 25, 0.35, 13
 25, 0.36, 13
 25, 0.37,  1
 25, 0.38,  1
 25, 0.39,  1
 25, 0.40,  1
 26, 0.00,  1
 26, 0.01,  1
 26, 0.02,  3
 26, 0.03,  3
 26, 0.04,  3
 26, 0.05,  3
 26, 0.06,  3
 26, 0.07,  3
 26, 0.08,  3
 26, 0.09,  5
 26, 0.10,  5
 26, 0.11,  5
 26, 0.12,  7
 26, 0.13,  9
 26, 0.14,  7
 26, 0.15,  9
 26, 0.16,  7
 26, 0.17, 13
 26, 0.18, 15
 26, 0.19, 15
 26, 0.20, 11
 26, 0.21, 11
 26, 0.22, 13
 26, 0.23, 15
 26, 0.24, 13
 26, 0.25, 15
 26, 0.26, 15
 26, 0.27, 13
 26, 0.28, 15
 26, 0.29, 13
 26, 0.30, 11
 26, 0.31, 15
 26, 0.32, 13
 26, 0.33, 15
 26, 0.34, 13
 26, 0.35, 11
 26, 0.36,  1
 26, 0.37,  1
 26, 0.38,  1
 26, 0.39,  1
 26, 0.40,  1
 27, 0.00,  1
 27, 0.01,  1
 27, 0.02,  3
 27, 0.03,  3
 27, 0.04,  3
 27, 0.05,  3
 27, 0.06,  5
 27, 0.07,  5
 27, 0.08,  5
 27, 0.09,  5
 27, 0.10,  5
 27, 0.11,  5
 27, 0.12,  5
 27, 0.13,  7
 27, 0.14,  7
 27, 0.15,  7
 27, 0.16,  9
 27, 0.17,  9
 27, 0.18, 13
 27, 0.19, 11
 27, 0.20,  9
 27, 0.21, 13
 27, 0.22, 13
 27, 0.23,  9
 27, 0.24, 13
 27, 0.25, 11
 27, 0.26, 15
 27, 0.27, 11
 27, 0.28, 11
 27, 0.29, 13
 27, 0.30, 15
 27, 0.31, 11
 27, 0.32,  9
 27, 0.33,  1
 27, 0.34,  1
 27, 0.35, 15
 27, 0.36,  1
 27, 0.37,  1
 27, 0.38,  1
 27, 0.39,  1
 27, 0.40,  1
 28, 0.00,  1
 28, 0.01,  1
 28, 0.02,  1
 28, 0.03,  3
 28, 0.04,  3
 28, 0.05,  3
 28, 0.06,  3
 28, 0.07,  3
 28, 0.08,  5
 28, 0.09,  5
 28, 0.10,  5
 28, 0.11,  7
 28, 0.12,  5
 28, 0.13,  5
 28, 0.14,  7
 28, 0.15,  9
 28, 0.16, 13
 28, 0.17,  7
 28, 0.18, 15
 28, 0.19, 15
 28, 0.20, 11
 28, 0.21, 11
 28, 0.22, 13
 28, 0.23, 15
 28, 0.24, 11
 28, 0.25, 13
 28, 0.26, 15
 28, 0.27, 11
 28, 0.28, 13
 28, 0.29, 13
 28, 0.30, 15
 28, 0.31, 11
 28, 0.32, 11
 28, 0.33,  9
 28, 0.34, 15
 28, 0.35, 15
 28, 0.36,  1
 28, 0.37,  1
 28, 0.38,  1
 28, 0.39,  1
 28, 0.40,  1
 29, 0.00,  1
 29, 0.01,  1
 29, 0.02,  3
 29, 0.03,  3
 29, 0.04,  3
 29, 0.05,  3
 29, 0.06,  3
 29, 0.07,  3
 29, 0.08,  3
 29, 0.09,  5
 29, 0.10,  5
 29, 0.11,  5
 29, 0.12,  5
 29, 0.13,  5
 29, 0.14,  7
 29, 0.15,  7
 29, 0.16, 11
 29, 0.17, 11
 29, 0.18,  7
 29, 0.19, 11
 29, 0.20, 15
 29, 0.21, 15
 29, 0.22, 15
 29, 0.23, 15
 29, 0.24, 11
 29, 0.25, 13
 29, 0.26, 15
 29, 0.27, 15
 29, 0.28, 15
 29, 0.29, 11
 29, 0.30, 15
 29, 0.31,  9
 29, 0.32, 15
 29, 0.33, 11
 29, 0.34, 13
 29, 0.35,  1
 29, 0.36, 15
 29, 0.37,  1
 29, 0.38,  1
 29, 0.39,  1
 29, 0.40,  1
 30, 0.00,  1
 30, 0.01,  1
 30, 0.02,  3
 30, 0.03,  3
 30, 0.04,  3
 30, 0.05,  3
 30, 0.06,  5
 30, 0.07,  5
 30, 0.08,  5
 30, 0.09,  5
 30, 0.10,  5
 30, 0.11,  7
 30, 0.12,  7
 30, 0.13,  7
 30, 0.14,  9
 30, 0.15,  9
 30, 0.16,  9
 30, 0.17, 13
 30, 0.18, 11
 30, 0.19, 11
 30, 0.20, 13
 30, 0.21, 13
 30, 0.22, 15
 30, 0.23, 15
 30, 0.24, 15
 30, 0.25, 13
 30, 0.26, 15
 30, 0.27, 13
 30, 0.28, 15
 30, 0.29, 15
 30, 0.30, 15
 30, 0.31, 13
 30, 0.32, 13
 30, 0.33,  9
 30, 0.34, 11
 30, 0.35,  1
 30, 0.36,  1
 30, 0.37,  1
 30, 0.38, 13
 30, 0.39,  1
 30, 0.40,  1
 31, 0.00,  1
 31, 0.01,  1
 31, 0.02,  1
 31, 0.03,  3
 31, 0.04,  3
 31, 0.05,  3
 31, 0.06,  5
 31, 0.07,  5
 31, 0.08,  5
 31, 0.09,  5
 31, 0.10,  5
 31, 0.11,  5
 31, 0.12,  5
 31, 0.13,  9
 31, 0.14,  7
 31, 0.15,  9
 31, 0.16, 11
 31, 0.17,  7
 31, 0.18,  7
 31, 0.19, 15
 31, 0.20, 11
 31, 0.21, 13
 31, 0.22,  9
 31, 0.23, 13
 31, 0.24, 13
 31, 0.25, 11
 31, 0.26, 13
 31, 0.27, 11
 31, 0.28, 13
 31, 0.29,  9
 31, 0.30, 11
 31, 0.31, 11
 31, 0.32, 13
 31, 0.33, 11
 31, 0.34, 15
 31, 0.35,  1
 31, 0.36,  1
 31, 0.37,  1
 31, 0.38,  1
 31, 0.39,  1
 31, 0.40,  1
 32, 0.00,  1
 32, 0.01,  3
 32, 0.02,  3
 32, 0.03,  3
 32, 0.04,  3
 32, 0.05,  3
 32, 0.06,  3
 32, 0.07,  3
 32, 0.08,  5
 32, 0.09,  5
 32, 0.10,  5
 32, 0.11,  5
 32, 0.12,  5
 32, 0.13,  9
 32, 0.14,  9
 32, 0.15,  9
 32, 0.16,  9
 32, 0.17, 15
 32, 0.18, 13
 32, 0.19, 11
 32, 0.20, 13
 32, 0.21, 13
 32, 0.22, 11
 32, 0.23, 13
 32, 0.24, 13
 32, 0.25, 13
 32, 0.26, 15
 32, 0.27, 15
 32, 0.28, 13
 32, 0.29, 13
 32, 0.30, 15
 32, 0.31, 13
 32, 0.32,  1
 32, 0.33,  1
 32, 0.34,  1
 32, 0.35,  1
 32, 0.36,  1
 32, 0.37,  1
 32, 0.38,  1
 32, 0.39,  1
 32, 0.40,  1
 33, 0.00,  1
 33, 0.01,  3
 33, 0.02,  3
 33, 0.03,  3
 33, 0.04,  3
 33, 0.05,  3
 33, 0.06,  3
 33, 0.07,  5
 33, 0.08,  5
 33, 0.09,  5
 33, 0.10,  7
 33, 0.11,  7
 33, 0.12,  7
 33, 0.13,  7
 33, 0.14,  7
 33, 0.15,  9
 33, 0.16, 13
 33, 0.17,  7
 33, 0.18, 15
 33, 0.19, 15
 33, 0.20, 15
 33, 0.21, 13
 33, 0.22, 13
 33, 0.23, 15
 33, 0.24, 13
 33, 0.25, 13
 33, 0.26, 15
 33, 0.27, 15
 33, 0.28, 13
 33, 0.29, 15
 33, 0.30, 15
 33, 0.31, 15
 33, 0.32,  1
 33, 0.33,  1
 33, 0.34,  1
 33, 0.35,  1
 33, 0.36,  1
 33, 0.37,  1
 33, 0.38,  1
 33, 0.39,  1
 33, 0.40,  1
 34, 0.00,  1
 34, 0.01,  1
 34, 0.02,  3
 34, 0.03,  3
 34, 0.04,  3
 34, 0.05,  3
 34, 0.06,  3
 34, 0.07,  3
 34, 0.08,  3
 34, 0.09,  3
 34, 0.10,  5
 34, 0.11,  7
 34, 0.12,  5
 34, 0.13,  7
 34, 0.14,  9
 34, 0.15,  9
 34, 0.16,  7
 34, 0.17,  9
 34, 0.18, 11
 34, 0.19, 11
 34, 0.20, 13
 34, 0.21, 15
 34, 0.22, 15
 34, 0.23, 13
 34, 0.24, 15
 34, 0.25, 13
 34, 0.26, 15
 34, 0.27, 13
 34, 0.28, 13
 34, 0.29, 15
 34, 0.30, 13
 34, 0.31, 15
 34, 0.32,  1
 34, 0.33,  1
 34, 0.34,  1
 34, 0.35,  1
 34, 0.36,  1
 34, 0.37,  1
 34, 0.38,  1
 34, 0.39,  1
 34, 0.40,  1
 35, 0.00,  1
 35, 0.01,  3
 35, 0.02,  3
 35, 0.03,  3
 35, 0.04,  3
 35, 0.05,  3
 35, 0.06,  3
 35, 0.07,  5
 35, 0.08,  5
 35, 0.09,  5
 35, 0.10,  5
 35, 0.11,  5
 35, 0.12,  9
 35, 0.13,  9
 35, 0.14,  9
 35, 0.15, 11
 35, 0.16,  9
 35, 0.17, 11
 35, 0.18, 13
 35, 0.19, 11
 35, 0.20, 15
 35, 0.21, 15
 35, 0.22, 15
 35, 0.23, 15
 35, 0.24, 13
 35, 0.25, 13
 35, 0.26, 13
 35, 0.27, 15
 35, 0.28, 15
 35, 0.29, 11
 35, 0.30, 11
 35, 0.31,  1
 35, 0.32,  1
 35, 0.33,  1
 35, 0.34,  1
 35, 0.35,  1
 35, 0.36,  1
 35, 0.37,  1
 35, 0.38,  1
 35, 0.39,  1
 35, 0.40,  1
 36, 0.00,  1
 36, 0.01,  3
 36, 0.02,  3
 36, 0.03,  3
 36, 0.04,  3
 36, 0.05,  3
 36, 0.06,  3
 36, 0.07,  3
 36, 0.08,  5
 36, 0.09,  3
 36, 0.10,  5
 36, 0.11,  5
 36, 0.12,  9
 36, 0.13,  9
 36, 0.14,  9
 36, 0.15, 11
 36, 0.16,  7
 36, 0.17, 11
 36, 0.18, 13
 36, 0.19, 13
 36, 0.20, 13
 36, 0.21, 11
 36, 0.22, 13
 36, 0.23, 11
 36, 0.24, 11
 36, 0.25, 15
 36, 0.26, 15
 36, 0.27, 13
 36, 0.28, 13
 36, 0.29, 13
 36, 0.30,  1
 36, 0.31,  1
 36, 0.32,  1
 36, 0.33,  1
 36, 0.34,  1
 36, 0.35,  1
 36, 0.36,  1
 36, 0.37,  1
 36, 0.38,  1
 36, 0.39,  1
 36, 0.40,  1
 37, 0.00,  1
 37, 0.01,  3
 37, 0.02,  3
 37, 0.03,  3
 37, 0.04,  3
 37, 0.05,  3
 37, 0.06,  3
 37, 0.07,  3
 37, 0.08,  5
 37, 0.09,  5
 37, 0.10,  5
 37, 0.11,  5
 37, 0.12,  7
 37, 0.13,  7
 37, 0.14, 11
 37, 0.15,  7
 37, 0.16, 11
 37, 0.17, 13
 37, 0.18, 11
 37, 0.19, 11
 37, 0.20, 15
 37, 0.21, 15
 37, 0.22, 13
 37, 0.23, 13
 37, 0.24, 15
 37, 0.25, 15
 37, 0.26, 15
 37, 0.27, 13
 37, 0.28, 13
 37, 0.29, 13
 37, 0.30, 13
 37, 0.31,  1
 37, 0.32,  1
 37, 0.33,  1
 37, 0.34,  1
 37, 0.35,  1
 37, 0.36,  1
 37, 0.37,  1
 37, 0.38,  1
 37, 0.39,  1
 37, 0.40,  1
 38, 0.00,  1
 38, 0.01,  3
 38, 0.02,  3
 38, 0.03,  3
 38, 0.04,  3
 38, 0.05,  3
 38, 0.06,  3
 38, 0.07,  3
 38, 0.08,  5
 38, 0.09,  5
 38, 0.10,  5
 38, 0.11,  7
 38, 0.12,  7
 38, 0.13,  5
 38, 0.14,  7
 38, 0.15,  5
 38, 0.16, 15
 38, 0.17, 15
 38, 0.18, 11
 38, 0.19, 15
 38, 0.20, 15
 38, 0.21, 15
 38, 0.22, 11
 38, 0.23, 13
 38, 0.24, 15
 38, 0.25, 15
 38, 0.26, 15
 38, 0.27, 15
 38, 0.28, 13
 38, 0.29, 15
 38, 0.30, 11
 38, 0.31, 13
 38, 0.32,  1
 38, 0.33,  1
 38, 0.34,  1
 38, 0.35,  1
 38, 0.36,  1
 38, 0.37,  1
 38, 0.38,  1
 38, 0.39,  1
 38, 0.40,  1
 39, 0.00,  1
 39, 0.01,  3
 39, 0.02,  3
 39, 0.03,  3
 39, 0.04,  3
 39, 0.05,  3
 39, 0.06,  3
 39, 0.07,  3
 39, 0.08,  5
 39, 0.09,  3
 39, 0.10,  5
 39, 0.11,  7
 39, 0.12,  5
 39, 0.13,  5
 39, 0.14,  9
 39, 0.15,  7
 39, 0.16, 13
 39, 0.17, 11
 39, 0.18, 15
 39, 0.19, 15
 39, 0.20, 13
 39, 0.21, 15
 39, 0.22, 15
 39, 0.23, 13
 39, 0.24, 13
 39, 0.25, 13
 39, 0.26, 13
 39, 0.27, 13
 39, 0.28, 13
 39, 0.29, 13
 39, 0.30, 15
 39, 0.31, 13
 39, 0.32, 15
 39, 0.33,  1
 39, 0.34,  1
 39, 0.35,  1
 39, 0.36,  1
 39, 0.37,  1
 39, 0.38,  1
 39, 0.39,  1
 39, 0.40,  1
 40, 0.00,  1
 40, 0.01,  1
 40, 0.02,  3
 40, 0.03,  3
 40, 0.04,  3
 40, 0.05,  3
 40, 0.06,  3
 40, 0.07,  5
 40, 0.08,  5
 40, 0.09,  5
 40, 0.10,  5
 40, 0.11,  7
 40, 0.12,  9
 40, 0.13,  7
 40, 0.14,  9
 40, 0.15,  7
 40, 0.16, 11
 40, 0.17, 11
 40, 0.18, 13
 40, 0.19, 13
 40, 0.20, 15
 40, 0.21, 11
 40, 0.22, 13
 40, 0.23, 15
 40, 0.24, 15
 40, 0.25, 13
 40, 0.26, 13
 40, 0.27, 15
 40, 0.28, 15
 40, 0.29, 13
 40, 0.30, 13
 40, 0.31, 15
 40, 0.32,  1
 40, 0.33, 13
 40, 0.34,  1
 40, 0.35,  1
 40, 0.36,  1
 40, 0.37,  1
 40, 0.38,  1
 40, 0.39,  1
 40, 0.40,  1
 41, 0.00,  1
 41, 0.01,  3
 41, 0.02,  3
 41, 0.03,  3
 41, 0.04,  3
 41, 0.05,  3
 41, 0.06,  3
 41, 0.07,  5
 41, 0.08,  5
 41, 0.09,  5
 41, 0.10,  5
 41, 0.11,  5
 41, 0.12,  9
 41, 0.13,  7
 41, 0.14,  9
 41, 0.15,  7
 41, 0.16,  9
 41, 0.17, 15
 41, 0.18, 13
 41, 0.19, 15
 41, 0.20, 13
 41, 0.21, 13
 41, 0.22, 15
 41, 0.23, 15
 41, 0.24, 13
 41, 0.25, 13
 41, 0.26, 15
 41, 0.27, 13
 41, 0.28, 13
 41, 0.29, 13
 41, 0.30, 13
 41, 0.31, 13
 41, 0.32,  1
 41, 0.33,  1
 41, 0.34,  1
 41, 0.35,  1
 41, 0.36,  1
 41, 0.37,  1
 41, 0.38,  1
 41, 0.39,  1
 41, 0.40,  1
 42, 0.00,  1
 42, 0.01,  3
 42, 0.02,  3
 42, 0.03,  3
 42, 0.04,  3
 42, 0.05,  3
 42, 0.06,  3
 42, 0.07,  3
 42, 0.08,  5
 42, 0.09,  3
 42, 0.10,  5
 42, 0.11,  5
 42, 0.12,  9
 42, 0.13,  7
 42, 0.14,  9
 42, 0.15,  9
 42, 0.16, 11
 42, 0.17, 11
 42, 0.18, 13
 42, 0.19, 11
 42, 0.20, 15
 42, 0.21, 15
 42, 0.22, 11
 42, 0.23, 15
 42, 0.24, 13
 42, 0.25, 15
 42, 0.26, 15
 42, 0.27, 15
 42, 0.28, 15
 42, 0.29, 15
 42, 0.30, 15
 42, 0.31, 11
 42, 0.32,  1
 42, 0.33,  1
 42, 0.34,  1
 42, 0.35,  1
 42, 0.36,  1
 42, 0.37,  1
 42, 0.38,  1
 42, 0.39,  1
 42, 0.40,  1
 43, 0.00,  1
 43, 0.01,  3
 43, 0.02,  3
 43, 0.03,  3
 43, 0.04,  3
 43, 0.05,  3
 43, 0.06,  3
 43, 0.07,  3
 43, 0.08,  3
 43, 0.09,  5
 43, 0.10,  5
 43, 0.11,  5
 43, 0.12,  7
 43, 0.13,  9
 43, 0.14,  9
 43, 0.15,  7
 43, 0.16,  9
 43, 0.17, 11
 43, 0.18, 11
 43, 0.19, 11
 43, 0.20, 11
 43, 0.21, 11
 43, 0.22, 13
 43, 0.23, 15
 43, 0.24, 13
 43, 0.25, 13
 43, 0.26, 15
 43, 0.27, 13
 43, 0.28, 11
 43, 0.29, 15
 43, 0.30, 13
 43, 0.31, 13
 43, 0.32,  1
 43, 0.33,  1
 43, 0.34,  1
 43, 0.35,  1
 43, 0.36,  1
 43, 0.37,  1
 43, 0.38,  1
 43, 0.39,  1
 43, 0.40,  1
 44, 0.00,  1
 44, 0.01,  3
 44, 0.02,  3
 44, 0.03,  3
 44, 0.04,  3
 44, 0.05,  3
 44, 0.06,  3
 44, 0.07,  3
 44, 0.08,  5
 44, 0.09,  5
 44, 0.10,  5
 44, 0.11,  5
 44, 0.12,  5
 44, 0.13,  5
 44, 0.14,  7
 44, 0.15,  9
 44, 0.16, 15
 44, 0.17, 15
 44, 0.18, 11
 44, 0.19, 15
 44, 0.20, 13
 44, 0.21, 15
 44, 0.22, 15
 44, 0.23, 15
 44, 0.24, 15
 44, 0.25, 13
 44, 0.26, 13
 44, 0.27, 15
 44, 0.28, 15
 44, 0.29, 13
 44, 0.30,  1
 44, 0.31,  1
 44, 0.32,  1
 44, 0.33,  1
 44, 0.34,  1
 44, 0.35,  1
 44, 0.36,  1
 44, 0.37,  1
 44, 0.38,  1
 44, 0.39,  1
 44, 0.40,  1
 45, 0.00,  1
 45, 0.01,  3
 45, 0.02,  3
 45, 0.03,  3
 45, 0.04,  3
 45, 0.05,  3
 45, 0.06,  3
 45, 0.07,  5
 45, 0.08,  5
 45, 0.09,  5
 45, 0.10,  7
 45, 0.11,  7
 45, 0.12,  7
 45, 0.13,  9
 45, 0.14,  9
 45, 0.15,  9
 45, 0.16,  9
 45, 0.17,  9
 45, 0.18,  9
 45, 0.19, 15
 45, 0.20, 11
 45, 0.21, 13
 45, 0.22, 13
 45, 0.23, 15
 45, 0.24, 13
 45, 0.25, 15
 45, 0.26, 15
 45, 0.27, 15
 45, 0.28, 15
 45, 0.29, 11
 45, 0.30, 15
 45, 0.31, 15
 45, 0.32,  1
 45, 0.33,  1
 45, 0.34,  1
 45, 0.35,  1
 45, 0.36,  1
 45, 0.37,  1
 45, 0.38,  1
 45, 0.39,  1
 45, 0.40,  1
 46, 0.00,  1
 46, 0.01,  1
 46, 0.02,  3
 46, 0.03,  3
 46, 0.04,  3
 46, 0.05,  3
 46, 0.06,  3
 46, 0.07,  7
 46, 0.08,  5
 46, 0.09,  7
 46, 0.10,  5
 46, 0.11,  7
 46, 0.12,  7
 46, 0.13,  9
 46, 0.14,  7
 46, 0.15, 11
 46, 0.16, 11
 46, 0.17, 11
 46, 0.18, 13
 46, 0.19, 11
 46, 0.20, 13
 46, 0.21, 13
 46, 0.22, 15
 46, 0.23, 15
 46, 0.24, 15
 46, 0.25, 15
 46, 0.26, 13
 46, 0.27, 15
 46, 0.28, 15
 46, 0.29, 15
 46, 0.30, 13
 46, 0.31,  1
 46, 0.32,  1
 46, 0.33,  1
 46, 0.34,  1
 46, 0.35,  1
 46, 0.36,  1
 46, 0.37,  1
 46, 0.38,  1
 46, 0.39,  1
 46, 0.40,  1
 47, 0.00,  1
 47, 0.01,  3
 47, 0.02,  3
 47, 0.03,  3
 47, 0.04,  3
 47, 0.05,  3
 47, 0.06,  5
 47, 0.07,  5
 47, 0.08,  5
 47, 0.09,  5
 47, 0.10,  5
 47, 0.11,  7
 47, 0.12,  7
 47, 0.13,  7
 47, 0.14, 13
 47, 0.15,  9
 47, 0.16,  9
 47, 0.17, 11
 47, 0.18,  7
 47, 0.19,  9
 47, 0.20, 13
 47, 0.21,  9
 47, 0.22, 13
 47, 0.23, 13
 47, 0.24, 13
 47, 0.25, 13
 47, 0.26, 13
 47, 0.27, 15
 47, 0.28, 15
 47, 0.29, 15
 47, 0.30, 15
 47, 0.31,  1
 47, 0.32,  1
 47, 0.33,  1
 47, 0.34,  1
 47, 0.35,  1
 47, 0.36,  1
 47, 0.37,  1
 47, 0.38,  1
 47, 0.39,  1
 47, 0.40,  1
 48, 0.00,  1
 48, 0.01,  3
 48, 0.02,  3
 48, 0.03,  3
 48, 0.04,  3
 48, 0.05,  3
 48, 0.06,  3
 48, 0.07,  3
 48, 0.08,  5
 48, 0.09,  5
 48, 0.10,  5
 48, 0.11,  5
 48, 0.12,  7
 48, 0.13,  9
 48, 0.14,  9
 48, 0.15,  9
 48, 0.16,  9
 48, 0.17,  9
 48, 0.18, 15
 48, 0.19, 13
 48, 0.20, 13
 48, 0.21, 11
 48, 0.22, 13
 48, 0.23, 15
 48, 0.24, 13
 48, 0.25, 15
 48, 0.26, 15
 48, 0.27, 15
 48, 0.28, 15
 48, 0.29, 11
 48, 0.30, 11
 48, 0.31, 11
 48, 0.32,  1
 48, 0.33,  1
 48, 0.34,  1
 48, 0.35,  1
 48, 0.36,  1
 48, 0.37,  1
 48, 0.38,  1
 48, 0.39,  1
 48, 0.40,  1
 49, 0.00,  1
 49, 0.01,  3
 49, 0.02,  3
 49, 0.03,  3
 49, 0.04,  3
 49, 0.05,  3
 49, 0.06,  3
 49, 0.07,  3
 49, 0.08,  5
 49, 0.09,  5
 49, 0.10,  5
 49, 0.11,  7
 49, 0.12,  5
 49, 0.13,  5
 49, 0.14,  7
 49, 0.15, 11
 49, 0.16, 15
 49, 0.17, 11
 49, 0.18,  9
 49, 0.19, 11
 49, 0.20,  9
 49, 0.21, 13
 49, 0.22, 15
 49, 0.23, 11
 49, 0.24, 11
 49, 0.25, 13
 49, 0.26, 13
 49, 0.27, 13
 49, 0.28, 13
 49, 0.29, 13
 49, 0.30, 15
 49, 0.31, 15
 49, 0.32,  1
 49, 0.33,  1
 49, 0.34,  1
 49, 0.35,  1
 49, 0.36,  1
 49, 0.37,  1
 49, 0.38,  1
 49, 0.39,  1
 49, 0.40,  1
 50, 0.00,  1
 50, 0.01,  3
 50, 0.02,  3
 50, 0.03,  3
 50, 0.04,  3
 50, 0.05,  3
 50, 0.06,  3
 50, 0.07,  3
 50, 0.08,  5
 50, 0.09,  7
 50, 0.10,  7
 50, 0.11,  9
 50, 0.12,  7
 50, 0.13,  9
 50, 0.14,  5
 50, 0.15,  9
 50, 0.16, 13
 50, 0.17, 15
 50, 0.18, 11
 50, 0.19, 15
 50, 0.20, 13
 50, 0.21, 15
 50, 0.22, 15
 50, 0.23, 15
 50, 0.24, 11
 50, 0.25, 15
 50, 0.26, 13
 50, 0.27, 13
 50, 0.28, 15
 50, 0.29, 13
 50, 0.30, 13
 50, 0.31, 15
 50, 0.32,  1
 50, 0.33,  1
 50, 0.34,  1
 50, 0.35,  1
 50, 0.36,  1
 50, 0.37,  1
 50, 0.38,  1
 50, 0.39,  1
 50, 0.40,  1
 51, 0.00,  1
 51, 0.01,  3
 51, 0.02,  3
 51, 0.03,  3
 51, 0.04,  3
 51, 0.05,  3
 51, 0.06,  3
 51, 0.07,  5
 51, 0.08,  5
 51, 0.09,  5
 51, 0.10,  5
 51, 0.11,  7
 51, 0.12,  5
 51, 0.13,  9
 51, 0.14,  9
 51, 0.15, 13
 51, 0.16, 11
 51, 0.17, 15
 51, 0.18, 13
 51, 0.19, 13
 51, 0.20, 15
 51, 0.21, 13
 51, 0.22, 15
 51, 0.23, 15
 51, 0.24, 13
 51, 0.25, 15
 51, 0.26, 15
 51, 0.27, 13
 51, 0.28, 13
 51, 0.29, 15
 51, 0.30, 15
 51, 0.31,  1
 51, 0.32,  1
 51, 0.33,  1
 51, 0.34,  1
 51, 0.35,  1
 51, 0.36,  1
 51, 0.37,  1
 51, 0.38,  1
 51, 0.39,  1
 51, 0.40,  1
 52, 0.00,  1
 52, 0.01,  3
 52, 0.02,  3
 52, 0.03,  3
 52, 0.04,  3
 52, 0.05,  3
 52, 0.06,  3
 52, 0.07,  3
 52, 0.08,  5
 52, 0.09,  5
 52, 0.10,  5
 52, 0.11,  5
 52, 0.12,  5
 52, 0.13,  7
 52, 0.14,  7
 52, 0.15,  7
 52, 0.16, 13
 52, 0.17, 13
 52, 0.18, 15
 52, 0.19, 15
 52, 0.20, 15
 52, 0.21, 11
 52, 0.22, 15
 52, 0.23, 13
 52, 0.24, 15
 52, 0.25, 15
 52, 0.26, 13
 52, 0.27, 13
 52, 0.28, 15
 52, 0.29, 15
 52, 0.30, 15
 52, 0.31,  1
 52, 0.32,  9
 52, 0.33,  1
 52, 0.34,  1
 52, 0.35,  1
 52, 0.36,  1
 52, 0.37,  1
 52, 0.38,  1
 52, 0.39,  1
 52, 0.40,  1
 53, 0.00,  1
 53, 0.01,  3
 53, 0.02,  3
 53, 0.03,  3
 53, 0.04,  3
 53, 0.05,  3
 53, 0.06,  3
 53, 0.07,  3
 53, 0.08,  3
 53, 0.09,  5
 53, 0.10,  5
 53, 0.11,  5
 53, 0.12,  5
 53, 0.13,  5
 53, 0.14,  9
 53, 0.15,  7
 53, 0.16, 11
 53, 0.17, 11
 53, 0.18, 11
 53, 0.19, 15
 53, 0.20, 13
 53, 0.21, 13
 53, 0.22, 11
 53, 0.23, 15
 53, 0.24, 13
 53, 0.25, 11
 53, 0.26, 15
 53, 0.27, 13
 53, 0.28, 13
 53, 0.29, 15
 53, 0.30,  1
 53, 0.31, 15
 53, 0.32,  1
 53, 0.33,  1
 53, 0.34,  1
 53, 0.35,  1
 53, 0.36,  1
 53, 0.37,  1
 53, 0.38,  1
 53, 0.39,  1
 53, 0.40,  1
 54, 0.00,  1
 54, 0.01,  1
 54, 0.02,  3
 54, 0.03,  3
 54, 0.04,  3
 54, 0.05,  3
 54, 0.06,  3
 54, 0.07,  3
 54, 0.08,  5
 54, 0.09,  5
 54, 0.10,  5
 54, 0.11,  7
 54, 0.12,  7
 54, 0.13,  7
 54, 0.14, 11
 54, 0.15, 13
 54, 0.16, 11
 54, 0.17, 11
 54, 0.18, 13
 54, 0.19, 13
 54, 0.20, 13
 54, 0.21, 13
 54, 0.22, 11
 54, 0.23, 15
 54, 0.24, 15
 54, 0.25, 13
 54, 0.26, 11
 54, 0.27, 15
 54, 0.28, 15
 54, 0.29, 15
 54, 0.30, 15
 54, 0.31, 15
 54, 0.32,  1
 54, 0.33,  1
 54, 0.34,  1
 54, 0.35,  1
 54, 0.36,  1
 54, 0.37,  1
 54, 0.38,  1
 54, 0.39,  1
 54, 0.40,  1
 55, 0.00,  1
 55, 0.01,  3
 55, 0.02,  3
 55, 0.03,  3
 55, 0.04,  3
 55, 0.05,  3
 55, 0.06,  3
 55, 0.07,  3
 55, 0.08,  5
 55, 0.09,  5
 55, 0.10,  5
 55, 0.11,  5
 55, 0.12,  5
 55, 0.13,  9
 55, 0.14,  9
 55, 0.15, 11
 55, 0.16, 13
 55, 0.17,  9
 55, 0.18, 11
 55, 0.19,  9
 55, 0.20, 13
 55, 0.21, 15
 55, 0.22, 13
 55, 0.23, 15
 55, 0.24, 13
 55, 0.25, 13
 55, 0.26, 13
 55, 0.27, 15
 55, 0.28, 11
 55, 0.29, 13
 55, 0.30, 15
 55, 0.31,  1
 55, 0.32,  1
 55, 0.33,  1
 55, 0.34,  1
 55, 0.35,  1
 55, 0.36,  1
 55, 0.37,  1
 55, 0.38,  1
 55, 0.39,  1
 55, 0.40,  1
 56, 0.00,  1
 56, 0.01,  3
 56, 0.02,  3
 56, 0.03,  3
 56, 0.04,  3
 56, 0.05,  3
 56, 0.06,  5
 56, 0.07,  3
 56, 0.08,  7
 56, 0.09,  5
 56, 0.10,  5
 56, 0.11,  9
 56, 0.12,  7
 56, 0.13, 11
 56, 0.14, 11
 56, 0.15, 11
 56, 0.16, 11
 56, 0.17, 13
 56, 0.18, 13
 56, 0.19, 13
 56, 0.20, 13
 56, 0.21, 13
 56, 0.22, 13
 56, 0.23, 15
 56, 0.24, 15
 56, 0.25, 13
 56, 0.26, 13
 56, 0.27, 15
 56, 0.28, 15
 56, 0.29, 13
 56, 0.30,  1
 56, 0.31,  1
 56, 0.32,  1
 56, 0.33,  1
 56, 0.34,  1
 56, 0.35,  1
 56, 0.36,  1
 56, 0.37,  1
 56, 0.38,  1
 56, 0.39,  1
 56, 0.40,  1
 57, 0.00,  1
 57, 0.01,  1
 57, 0.02,  3
 57, 0.03,  3
 57, 0.04,  3
 57, 0.05,  3
 57, 0.06,  3
 57, 0.07,  3
 57, 0.08,  3
 57, 0.09,  5
 57, 0.10,  5
 57, 0.11,  7
 57, 0.12,  7
 57, 0.13,  7
 57, 0.14, 13
 57, 0.15,  9
 57, 0.16, 13
 57, 0.17,  7
 57, 0.18, 13
 57, 0.19,  7
 57, 0.20,  9
 57, 0.21, 15
 57, 0.22, 13
 57, 0.23, 15
 57, 0.24, 15
 57, 0.25, 15
 57, 0.26, 13
 57, 0.27, 15
 57, 0.28, 11
 57, 0.29, 11
 57, 0.30, 15
 57, 0.31,  1
 57, 0.32,  1
 57, 0.33,  1
 57, 0.34,  1
 57, 0.35,  1
 57, 0.36,  1
 57, 0.37,  1
 57, 0.38,  1
 57, 0.39,  1
 57, 0.40,  1
 58, 0.00,  1
 58, 0.01,  3
 58, 0.02,  3
 58, 0.03,  3
 58, 0.04,  3
 58, 0.05,  5
 58, 0.06,  5
 58, 0.07,  5
 58, 0.08,  5
 58, 0.09,  5
 58, 0.10,  5
 58, 0.11,  7
 58, 0.12,  5
 58, 0.13,  7
 58, 0.14,  7
 58, 0.15, 11
 58, 0.16,  7
 58, 0.17, 11
 58, 0.18, 11
 58, 0.19, 11
 58, 0.20, 13
 58, 0.21, 15
 58, 0.22, 15
 58, 0.23, 15
 58, 0.24, 15
 58, 0.25, 15
 58, 0.26, 15
 58, 0.27, 15
 58, 0.28, 15
 58, 0.29, 15
 58, 0.30,  1
 58, 0.31,  1
 58, 0.32,  1
 58, 0.33,  1
 58, 0.34,  1
 58, 0.35,  1
 58, 0.36,  1
 58, 0.37,  1
 58, 0.38,  1
 58, 0.39,  1
 58, 0.40,  1
 59, 0.00,  1
 59, 0.01,  3
 59, 0.02,  3
 59, 0.03,  3
 59, 0.04,  3
 59, 0.05,  3
 59, 0.06,  3
 59, 0.07,  3
 59, 0.08,  5
 59, 0.09,  5
 59, 0.10,  5
 59, 0.11,  5
 59, 0.12,  9
 59, 0.13,  5
 59, 0.14, 11
 59, 0.15, 13
 59, 0.16, 11
 59, 0.17, 11
 59, 0.18, 11
 59, 0.19, 13
 59, 0.20, 15
 59, 0.21, 11
 59, 0.22, 11
 59, 0.23, 15
 59, 0.24, 13
 59, 0.25, 15
 59, 0.26, 15
 59, 0.27, 15
 59, 0.28, 13
 59, 0.29, 15
 59, 0.30, 15
 59, 0.31,  1
 59, 0.32,  1
 59, 0.33,  1
 59, 0.34,  1
 59, 0.35,  1
 59, 0.36,  1
 59, 0.37,  1
 59, 0.38,  1
 59, 0.39,  1
 59, 0.40,  1
 60, 0.00,  1
 60, 0.01,  3
 60, 0.02,  3
 60, 0.03,  3
 60, 0.04,  3
 60, 0.05,  3
 60, 0.06,  3
 60, 0.07,  3
 60, 0.08,  5
 60, 0.09,  5
 60, 0.10,  5
 60, 0.11,  7
 60, 0.12,  9
 60, 0.13,  9
 60, 0.14, 13
 60, 0.15,  9
 60, 0.16,  9
 60, 0.17,  7
 60, 0.18, 13
 60, 0.19, 13
 60, 0.20, 11
 60, 0.21,  9
 60, 0.22, 15
 60, 0.23, 15
 60, 0.24, 15
 60, 0.25, 15
 60, 0.26, 15
 60, 0.27, 13
 60, 0.28, 13
 60, 0.29, 13
 60, 0.30, 13
 60, 0.31,  1
 60, 0.32,  1
 60, 0.33,  1
 60, 0.34,  1
 60, 0.35,  1
 60, 0.36,  1
 60, 0.37,  1
 60, 0.38,  1
 60, 0.39,  1
 60, 0.40,  1
 61, 0.00,  1
 61, 0.01,  3
 61, 0.02,  3
 61, 0.03,  3
 61, 0.04,  3
 61, 0.05,  3
 61, 0.06,  3
 61, 0.07,  5
 61, 0.08,  5
 61, 0.09,  5
 61, 0.10,  7
 61, 0.11,  5
 61, 0.12,  9
 61, 0.13,  7
 61, 0.14,  9
 61, 0.15, 11
 61, 0.16, 13
 61, 0.17, 13
 61, 0.18,  9
 61, 0.19, 13
 61, 0.20, 13
 61, 0.21, 15
 61, 0.22, 13
 61, 0.23, 15
 61, 0.24, 11
 61, 0.25, 15
 61, 0.26, 15
 61, 0.27, 15
 61, 0.28, 15
 61, 0.29, 15
 61, 0.30, 15
 61, 0.31,  1
 61, 0.32,  1
 61, 0.33,  1
 61, 0.34,  1
 61, 0.35,  1
 61, 0.36,  1
 61, 0.37,  1
 61, 0.38,  1
 61, 0.39,  1
 61, 0.40,  1
 62, 0.00,  1
 62, 0.01,  1
 62, 0.02,  3
 62, 0.03,  3
 62, 0.04,  3
 62, 0.05,  3
 62, 0.06,  3
 62, 0.07,  3
 62, 0.08,  5
 62, 0.09,  5
 62, 0.10,  5
 62, 0.11,  5
 62, 0.12,  7
 62, 0.13,  9
 62, 0.14,  9
 62, 0.15, 11
 62, 0.16,  9
 62, 0.17,  9
 62, 0.18, 11
 62, 0.19, 15
 62, 0.20, 13
 62, 0.21, 15
 62, 0.22, 13
 62, 0.23, 15
 62, 0.24, 15
 62, 0.25, 15
 62, 0.26, 15
 62, 0.27, 15
 62, 0.28, 15
 62, 0.29, 11
 62, 0.30, 15
 62, 0.31, 13
 62, 0.32,  1
 62, 0.33,  1
 62, 0.34,  1
 62, 0.35,  1
 62, 0.36,  1
 62, 0.37,  1
 62, 0.38,  1
 62, 0.39,  1
 62, 0.40,  1
 63, 0.00,  1
 63, 0.01,  1
 63, 0.02,  3
 63, 0.03,  3
 63, 0.04,  3
 63, 0.05,  3
 63, 0.06,  3
 63, 0.07,  3
 63, 0.08,  5
 63, 0.09,  5
 63, 0.10,  5
 63, 0.11,  5
 63, 0.12,  7
 63, 0.13,  7
 63, 0.14,  9
 63, 0.15, 11
 63, 0.16,  9
 63, 0.17,  9
 63, 0.18, 11
 63, 0.19, 11
 63, 0.20, 13
 63, 0.21, 15
 63, 0.22, 15
 63, 0.23, 15
 63, 0.24, 15
 63, 0.25, 15
 63, 0.26, 15
 63, 0.27, 15
 63, 0.28, 15
 63, 0.29, 15
 63, 0.30, 13
 63, 0.31,  1
 63, 0.32,  1
 63, 0.33,  1
 63, 0.34,  1
 63, 0.35,  1
 63, 0.36,  1
 63, 0.37,  1
 63, 0.38,  1
 63, 0.39,  1
 63, 0.40,  1
 64, 0.00,  1
 64, 0.01,  3
 64, 0.02,  3
 64, 0.03,  3
 64, 0.04,  3
 64, 0.05,  3
 64, 0.06,  3
 64, 0.07,  3
 64, 0.08,  5
 64, 0.09,  5
 64, 0.10,  5
 64, 0.11,  5
 64, 0.12,  9
 64, 0.13,  5
 64, 0.14,  9
 64, 0.15,  7
 64, 0.16, 13
 64, 0.17, 15
 64, 0.18, 13
 64, 0.19, 15
 64, 0.20, 13
 64, 0.21, 15
 64, 0.22, 13
 64, 0.23, 13
 64, 0.24, 15
 64, 0.25, 15
 64, 0.26, 15
 64, 0.27, 13
 64, 0.28, 15
 64, 0.29, 13
 64, 0.30, 13
 64, 0.31, 15
 64, 0.32,  1
 64, 0.33,  1
 64, 0.34,  1
 64, 0.35,  1
 64, 0.36,  1
 64, 0.37,  1
 64, 0.38,  1
 64, 0.39,  1
 64, 0.40,  1
 65, 0.00,  1
 65, 0.01,  3
 65, 0.02,  3
 65, 0.03,  3
 65, 0.04,  3
 65, 0.05,  3
 65, 0.06,  5
 65, 0.07,  5
 65, 0.08,  5
 65, 0.09,  5
 65, 0.10,  5
 65, 0.11,  5
 65, 0.12,  7
 65, 0.13,  7
 65, 0.14,  7
 65, 0.15, 11
 65, 0.16, 15
 65, 0.17, 15
 65, 0.18, 15
 65, 0.19, 15
 65, 0.20, 13
 65, 0.21, 15
 65, 0.22, 15
 65, 0.23, 15
 65, 0.24, 15
 65, 0.25, 15
 65, 0.26, 15
 65, 0.27, 15
 65, 0.28, 11
 65, 0.29, 15
 65, 0.30, 15
 65, 0.31,  1
 65, 0.32,  1
 65, 0.33,  1
 65, 0.34,  1
 65, 0.35,  1
 65, 0.36,  1
 65, 0.37,  1
 65, 0.38,  1
 65, 0.39,  1
 65, 0.40,  1
 66, 0.00,  1
 66, 0.01,  3
 66, 0.02,  3
 66, 0.03,  3
 66, 0.04,  3
 66, 0.05,  3
 66, 0.06,  3
 66, 0.07,  5
 66, 0.08,  5
 66, 0.09,  5
 66, 0.10,  5
 66, 0.11,  5
 66, 0.12,  5
 66, 0.13,  9
 66, 0.14,  7
 66, 0.15,  9
 66, 0.16, 11
 66, 0.17,  7
 66, 0.18, 15
 66, 0.19, 15
 66, 0.20, 11
 66, 0.21, 13
 66, 0.22, 15
 66, 0.23, 15
 66, 0.24, 13
 66, 0.25, 15
 66, 0.26, 15
 66, 0.27, 13
 66, 0.28,  9
 66, 0.29, 15
 66, 0.30, 15
 66, 0.31, 15
 66, 0.32,  1
 66, 0.33,  1
 66, 0.34,  1
 66, 0.35,  1
 66, 0.36,  1
 66, 0.37,  1
 66, 0.38,  1
 66, 0.39,  1
 66, 0.40,  1
 67, 0.00,  1
 67, 0.01,  1
 67, 0.02,  3
 67, 0.03,  3
 67, 0.04,  3
 67, 0.05,  3
 67, 0.06,  5
 67, 0.07,  5
 67, 0.08,  7
 67, 0.09,  7
 67, 0.10,  7
 67, 0.11,  7
 67, 0.12,  7
 67, 0.13,  7
 67, 0.14,  9
 67, 0.15, 11
 67, 0.16,  9
 67, 0.17, 13
 67, 0.18, 11
 67, 0.19, 11
 67, 0.20, 11
 67, 0.21, 15
 67, 0.22, 15
 67, 0.23, 13
 67, 0.24, 15
 67, 0.25, 15
 67, 0.26,  9
 67, 0.27, 13
 67, 0.28, 11
 67, 0.29, 15
 67, 0.30, 15
 67, 0.31,  1
 67, 0.32,  1
 67, 0.33,  1
 67, 0.34,  1
 67, 0.35,  1
 67, 0.36,  1
 67, 0.37,  1
 67, 0.38,  1
 67, 0.39,  1
 67, 0.40,  1
 68, 0.00,  1
 68, 0.01,  3
 68, 0.02,  3
 68, 0.03,  3
 68, 0.04,  3
 68, 0.05,  3
 68, 0.06,  3
 68, 0.07,  5
 68, 0.08,  5
 68, 0.09,  5
 68, 0.10,  5
 68, 0.11,  5
 68, 0.12,  9
 68, 0.13,  7
 68, 0.14,  5
 68, 0.15, 11
 68, 0.16, 13
 68, 0.17, 13
 68, 0.18, 13
 68, 0.19,  9
 68, 0.20, 15
 68, 0.21, 13
 68, 0.22, 13
 68, 0.23, 15
 68, 0.24, 15
 68, 0.25, 13
 68, 0.26, 13
 68, 0.27, 15
 68, 0.28, 13
 68, 0.29, 13
 68, 0.30,  1
 68, 0.31,  1
 68, 0.32,  1
 68, 0.33,  1
 68, 0.34,  1
 68, 0.35,  1
 68, 0.36,  1
 68, 0.37,  1
 68, 0.38,  1
 68, 0.39,  1
 68, 0.40,  1
 69, 0.00,  1
 69, 0.01,  3
 69, 0.02,  3
 69, 0.03,  3
 69, 0.04,  3
 69, 0.05,  3
 69, 0.06,  3
 69, 0.07,  5
 69, 0.08,  5
 69, 0.09,  5
 69, 0.10,  7
 69, 0.11,  5
 69, 0.12,  7
 69, 0.13,  7
 69, 0.14,  7
 69, 0.15, 13
 69, 0.16,  9
 69, 0.17, 15
 69, 0.18, 15
 69, 0.19, 13
 69, 0.20, 13
 69, 0.21, 15
 69, 0.22, 11
 69, 0.23, 11
 69, 0.24, 13
 69, 0.25, 13
 69, 0.26, 15
 69, 0.27, 13
 69, 0.28, 13
 69, 0.29,  9
 69, 0.30, 13
 69, 0.31,  1
 69, 0.32,  1
 69, 0.33,  1
 69, 0.34,  1
 69, 0.35,  1
 69, 0.36,  1
 69, 0.37,  1
 69, 0.38,  1
 69, 0.39,  1
 69, 0.40,  1
 70, 0.00,  1
 70, 0.01,  3
 70, 0.02,  3
 70, 0.03,  3
 70, 0.04,  3
 70, 0.05,  3
 70, 0.06,  3
 70, 0.07,  5
 70, 0.08,  5
 70, 0.09,  5
 70, 0.10,  5
 70, 0.11,  7
 70, 0.12,  5
 70, 0.13,  7
 70, 0.14,  7
 70, 0.15, 11
 70, 0.16, 11
 70, 0.17, 13
 70, 0.18, 13
 70, 0.19, 15
 70, 0.20, 15
 70, 0.21, 15
 70, 0.22, 15
 70, 0.23, 13
 70, 0.24, 13
 70, 0.25, 15
 70, 0.26, 15
 70, 0.27, 15
 70, 0.28, 15
 70, 0.29, 15
 70, 0.30,  1
 70, 0.31,  1
 70, 0.32,  1
 70, 0.33,  1
 70, 0.34,  1
 70, 0.35,  1
 70, 0.36,  1
 70, 0.37,  1
 70, 0.38,  1
 70, 0.39,  1
 70, 0.40,  1
 71, 0.00,  1
 71, 0.01,  3
 71, 0.02,  3
 71, 0.03,  3
 71, 0.04,  3
 71, 0.05,  3
 71, 0.06,  3
 71, 0.07,  3
 71, 0.08,  5
 71, 0.09,  5
 71, 0.10,  5
 71, 0.11,  7
 71, 0.12,  5
 71, 0.13,  9
 71, 0.14,  5
 71, 0.15, 11
 71, 0.16, 13
 71, 0.17, 13
 71, 0.18, 15
 71, 0.19, 15
 71, 0.20, 11
 71, 0.21, 13
 71, 0.22, 13
 71, 0.23, 15
 71, 0.24, 15
 71, 0.25, 15
 71, 0.26, 15
 71, 0.27, 15
 71, 0.28, 15
 71, 0.29, 15
 71, 0.30,  1
 71, 0.31,  1
 71, 0.32,  1
 71, 0.33,  1
 71, 0.34,  1
 71, 0.35,  1
 71, 0.36,  1
 71, 0.37,  1
 71, 0.38,  1
 71, 0.39,  1
 71, 0.40,  1
 72, 0.00,  1
 72, 0.01,  3
 72, 0.02,  3
 72, 0.03,  3
 72, 0.04,  3
 72, 0.05,  3
 72, 0.06,  5
 72, 0.07,  5
 72, 0.08,  5
 72, 0.09,  5
 72, 0.10,  5
 72, 0.11,  7
 72, 0.12,  7
 72, 0.13,  7
 72, 0.14,  7
 72, 0.15, 13
 72, 0.16, 13
 72, 0.17, 13
 72, 0.18, 15
 72, 0.19, 13
 72, 0.20, 13
 72, 0.21, 15
 72, 0.22, 15
 72, 0.23, 13
 72, 0.24, 11
 72, 0.25, 15
 72, 0.26, 13
 72, 0.27, 15
 72, 0.28, 15
 72, 0.29, 15
 72, 0.30,  1
 72, 0.31,  1
 72, 0.32,  1
 72, 0.33,  1
 72, 0.34,  1
 72, 0.35,  1
 72, 0.36,  1
 72, 0.37,  1
 72, 0.38,  1
 72, 0.39,  1
 72, 0.40,  1
 73, 0.00,  1
 73, 0.01,  3
 73, 0.02,  3
 73, 0.03,  3
 73, 0.04,  3
 73, 0.05,  3
 73, 0.06,  3
 73, 0.07,  3
 73, 0.08,  5
 73, 0.09,  5
 73, 0.10,  7
 73, 0.11,  7
 73, 0.12,  9
 73, 0.13,  7
 73, 0.14,  9
 73, 0.15, 13
 73, 0.16, 13
 73, 0.17, 11
 73, 0.18, 11
 73, 0.19, 13
 73, 0.20, 13
 73, 0.21, 13
 73, 0.22, 13
 73, 0.23, 13
 73, 0.24, 13
 73, 0.25, 15
 73, 0.26, 11
 73, 0.27, 15
 73, 0.28, 13
 73, 0.29, 13
 73, 0.30, 15
 73, 0.31,  1
 73, 0.32,  1
 73, 0.33,  1
 73, 0.34,  1
 73, 0.35,  1
 73, 0.36,  1
 73, 0.37,  1
 73, 0.38,  1
 73, 0.39,  1
 73, 0.40,  1
 74, 0.00,  1
 74, 0.01,  1
 74, 0.02,  3
 74, 0.03,  3
 74, 0.04,  3
 74, 0.05,  3
 74, 0.06,  3
 74, 0.07,  3
 74, 0.08,  5
 74, 0.09,  7
 74, 0.10,  5
 74, 0.11,  5
 74, 0.12,  7
 74, 0.13, 11
 74, 0.14,  7
 74, 0.15, 11
 74, 0.16,  9
 74, 0.17, 15
 74, 0.18, 13
 74, 0.19, 13
 74, 0.20, 13
 74, 0.21,  9
 74, 0.22, 13
 74, 0.23, 13
 74, 0.24, 13
 74, 0.25, 15
 74, 0.26, 15
 74, 0.27, 15
 74, 0.28, 15
 74, 0.29, 15
 74, 0.30, 15
 74, 0.31, 15
 74, 0.32,  1
 74, 0.33,  1
 74, 0.34,  1
 74, 0.35,  1
 74, 0.36,  1
 74, 0.37,  1
 74, 0.38,  1
 74, 0.39,  1
 74, 0.40,  1
 75, 0.00,  1
 75, 0.01,  1
 75, 0.02,  3
 75, 0.03,  3
 75, 0.04,  3
 75, 0.05,  3
 75, 0.06,  3
 75, 0.07,  5
 75, 0.08,  5
 75, 0.09,  5
 75, 0.10,  7
 75, 0.11,  7
 75, 0.12,  7
 75, 0.13,  9
 75, 0.14,  9
 75, 0.15, 11
 75, 0.16, 11
 75, 0.17,  9
 75, 0.18, 15
 75, 0.19, 15
 75, 0.20, 15
 75, 0.21, 15
 75, 0.22, 13
 75, 0.23, 15
 75, 0.24, 13
 75, 0.25, 15
 75, 0.26, 13
 75, 0.27, 13
 75, 0.28, 13
 75, 0.29, 13
 75, 0.30, 15
 75, 0.31, 13
 75, 0.32,  1
 75, 0.33,  1
 75, 0.34,  1
 75, 0.35,  1
 75, 0.36,  1
 75, 0.37,  1
 75, 0.38,  1
 75, 0.39,  1
 75, 0.40,  1
 76, 0.00,  1
 76, 0.01,  3
 76, 0.02,  3
 76, 0.03,  3
 76, 0.04,  3
 76, 0.05,  3
 76, 0.06,  3
 76, 0.07,  3
 76, 0.08,  5
 76, 0.09,  5
 76, 0.10,  5
 76, 0.11,  5
 76, 0.12,  7
 76, 0.13,  7
 76, 0.14,  7
 76, 0.15,  7
 76, 0.16,  7
 76, 0.17, 13
 76, 0.18, 13
 76, 0.19, 13
 76, 0.20, 15
 76, 0.21, 13
 76, 0.22, 15
 76, 0.23, 15
 76, 0.24, 15
 76, 0.25, 13
 76, 0.26, 13
 76, 0.27, 15
 76, 0.28, 15
 76, 0.29, 15
 76, 0.30, 13
 76, 0.31,  1
 76, 0.32,  1
 76, 0.33,  1
 76, 0.34,  1
 76, 0.35,  1
 76, 0.36,  1
 76, 0.37,  1
 76, 0.38,  1
 76, 0.39,  1
 76, 0.40,  1
 77, 0.00,  1
 77, 0.01,  3
 77, 0.02,  3
 77, 0.03,  3
 77, 0.04,  3
 77, 0.05,  3
 77, 0.06,  3
 77, 0.07,  3
 77, 0.08,  5
 77, 0.09,  5
 77, 0.10,  5
 77, 0.11,  5
 77, 0.12,  5
 77, 0.13,  7
 77, 0.14,  7
 77, 0.15,  7
 77, 0.16, 13
 77, 0.17, 13
 77, 0.18,  9
 77, 0.19, 13
 77, 0.20, 11
 77, 0.21, 13
 77, 0.22, 15
 77, 0.23, 15
 77, 0.24, 15
 77, 0.25, 13
 77, 0.26, 15
 77, 0.27, 13
 77, 0.28, 15
 77, 0.29, 15
 77, 0.30, 15
 77, 0.31,  1
 77, 0.32,  1
 77, 0.33,  1
 77, 0.34,  1
 77, 0.35,  1
 77, 0.36,  1
 77, 0.37,  1
 77, 0.38,  1
 77, 0.39,  1
 77, 0.40,  1
 78, 0.00,  1
 78, 0.01,  1
 78, 0.02,  3
 78, 0.03,  3
 78, 0.04,  3
 78, 0.05,  3
 78, 0.06,  3
 78, 0.07,  3
 78, 0.08,  5
 78, 0.09,  5
 78, 0.10,  5
 78, 0.11,  5
 78, 0.12,  5
 78, 0.13,  7
 78, 0.14, 11
 78, 0.15,  9
 78, 0.16, 11
 78, 0.17,  9
 78, 0.18,  9
 78, 0.19, 15
 78, 0.20, 15
 78, 0.21, 15
 78, 0.22, 15
 78, 0.23, 13
 78, 0.24, 15
 78, 0.25, 15
 78, 0.26, 13
 78, 0.27, 15
 78, 0.28, 15
 78, 0.29, 15
 78, 0.30, 15
 78, 0.31,  1
 78, 0.32,  1
 78, 0.33,  1
 78, 0.34,  1
 78, 0.35,  1
 78, 0.36,  1
 78, 0.37,  1
 78, 0.38,  1
 78, 0.39,  1
 78, 0.40,  1
 79, 0.00,  1
 79, 0.01,  3
 79, 0.02,  3
 79, 0.03,  3
 79, 0.04,  3
 79, 0.05,  3
 79, 0.06,  3
 79, 0.07,  3
 79, 0.08,  3
 79, 0.09,  3
 79, 0.10,  7
 79, 0.11,  7
 79, 0.12,  7
 79, 0.13,  9
 79, 0.14,  7
 79, 0.15, 13
 79, 0.16, 11
 79, 0.17,  7
 79, 0.18,  7
 79, 0.19, 13
 79, 0.20, 15
 79, 0.21, 15
 79, 0.22, 15
 79, 0.23, 15
 79, 0.24, 15
 79, 0.25, 13
 79, 0.26, 13
 79, 0.27, 13
 79, 0.28, 15
 79, 0.29, 15
 79, 0.30, 11
 79, 0.31, 15
 79, 0.32,  1
 79, 0.33,  1
 79, 0.34,  1
 79, 0.35,  1
 79, 0.36,  1
 79, 0.37,  1
 79, 0.38,  1
 79, 0.39,  1
 79, 0.40,  1
 80, 0.00,  1
 80, 0.01,  3
 80, 0.02,  3
 80, 0.03,  3
 80, 0.04,  3
 80, 0.05,  3
 80, 0.06,  5
 80, 0.07,  5
 80, 0.08,  5
 80, 0.09,  7
 80, 0.10,  7
 80, 0.11,  7
 80, 0.12,  9
 80, 0.13,  9
 80, 0.14, 13
 80, 0.15, 11
 80, 0.16, 13
 80, 0.17, 13
 80, 0.18, 13
 80, 0.19, 13
 80, 0.20, 13
 80, 0.21, 11
 80, 0.22, 11
 80, 0.23, 11
 80, 0.24, 11
 80, 0.25, 15
 80, 0.26, 13
 80, 0.27, 15
 80, 0.28, 13
 80, 0.29, 15
 80, 0.30, 15
 80, 0.31,  9
 80, 0.32,  1
 80, 0.33,  1
 80, 0.34,  1
 80, 0.35,  1
 80, 0.36,  1
 80, 0.37,  1
 80, 0.38,  1
 80, 0.39,  1
 80, 0.40,  1
 81, 0.00,  1
 81, 0.01,  1
 81, 0.02,  3
 81, 0.03,  3
 81, 0.04,  3
 81, 0.05,  3
 81, 0.06,  3
 81, 0.07,  3
 81, 0.08,  5
 81, 0.09,  5
 81, 0.10,  5
 81, 0.11,  5
 81, 0.12,  7
 81, 0.13,  9
 81, 0.14, 11
 81, 0.15, 11
 81, 0.16, 11
 81, 0.17, 15
 81, 0.18,  9
 81, 0.19, 11
 81, 0.20, 13
 81, 0.21, 13
 81, 0.22, 11
 81, 0.23, 11
 81, 0.24, 13
 81, 0.25, 15
 81, 0.26, 15
 81, 0.27, 15
 81, 0.28, 15
 81, 0.29, 15
 81, 0.30, 13
 81, 0.31,  1
 81, 0.32,  1
 81, 0.33,  1
 81, 0.34,  1
 81, 0.35,  1
 81, 0.36,  1
 81, 0.37,  1
 81, 0.38,  1
 81, 0.39,  1
 81, 0.40,  1
 82, 0.00,  1
 82, 0.01,  3
 82, 0.02,  3
 82, 0.03,  3
 82, 0.04,  3
 82, 0.05,  3
 82, 0.06,  3
 82, 0.07,  3
 82, 0.08,  5
 82, 0.09,  5
 82, 0.10,  7
 82, 0.11,  5
 82, 0.12,  7
 82, 0.13,  7
 82, 0.14,  7
 82, 0.15,  7
 82, 0.16,  7
 82, 0.17, 13
 82, 0.18, 13
 82, 0.19, 15
 82, 0.20, 13
 82, 0.21, 15
 82, 0.22, 15
 82, 0.23, 13
 82, 0.24, 15
 82, 0.25, 15
 82, 0.26, 13
 82, 0.27, 13
 82, 0.28, 15
 82, 0.29, 11
 82, 0.30, 11
 82, 0.31,  1
 82, 0.32,  1
 82, 0.33,  1
 82, 0.34,  1
 82, 0.35,  1
 82, 0.36,  1
 82, 0.37,  1
 82, 0.38,  1
 82, 0.39,  1
 82, 0.40,  1
 83, 0.00,  1
 83, 0.01,  3
 83, 0.02,  3
 83, 0.03,  3
 83, 0.04,  3
 83, 0.05,  5
 83, 0.06,  3
 83, 0.07,  5
 83, 0.08,  5
 83, 0.09,  5
 83, 0.10,  5
 83, 0.11,  9
 83, 0.12,  5
 83, 0.13,  9
 83, 0.14, 11
 83, 0.15,  7
 83, 0.16, 15
 83, 0.17,  9
 83, 0.18, 11
 83, 0.19, 15
 83, 0.20, 11
 83, 0.21, 15
 83, 0.22, 15
 83, 0.23, 11
 83, 0.24, 13
 83, 0.25, 13
 83, 0.26, 15
 83, 0.27, 13
 83, 0.28, 15
 83, 0.29, 13
 83, 0.30, 13
 83, 0.31,  1
 83, 0.32,  1
 83, 0.33,  1
 83, 0.34,  1
 83, 0.35,  1
 83, 0.36,  1
 83, 0.37,  1
 83, 0.38,  1
 83, 0.39,  1
 83, 0.40,  1
 84, 0.00,  1
 84, 0.01,  3
 84, 0.02,  3
 84, 0.03,  3
 84, 0.04,  3
 84, 0.05,  3
 84, 0.06,  3
 84, 0.07,  5
 84, 0.08,  5
 84, 0.09,  5
 84, 0.10,  7
 84, 0.11,  7
 84, 0.12,  7
 84, 0.13,  7
 84, 0.14,  7
 84, 0.15, 11
 84, 0.16, 11
 84, 0.17, 11
 84, 0.18, 15
 84, 0.19, 13
 84, 0.20, 13
 84, 0.21, 13
 84, 0.22, 11
 84, 0.23, 15
 84, 0.24, 13
 84, 0.25, 15
 84, 0.26, 15
 84, 0.27, 15
 84, 0.28, 15
 84, 0.29, 15
 84, 0.30, 15
 84, 0.31, 13
 84, 0.32,  1
 84, 0.33,  1
 84, 0.34,  1
 84, 0.35,  1
 84, 0.36,  1
 84, 0.37,  1
 84, 0.38,  1
 84, 0.39,  1
 84, 0.40,  1
 85, 0.00,  1
 85, 0.01,  3
 85, 0.02,  3
 85, 0.03,  3
 85, 0.04,  3
 85, 0.05,  3
 85, 0.06,  5
 85, 0.07,  5
 85, 0.08,  5
 85, 0.09,  5
 85, 0.10,  5
 85, 0.11,  5
 85, 0.12,  7
 85, 0.13,  7
 85, 0.14,  9
 85, 0.15,  9
 85, 0.16, 13
 85, 0.17, 13
 85, 0.18, 13
 85, 0.19, 13
 85, 0.20, 15
 85, 0.21, 15
 85, 0.22, 13
 85, 0.23, 15
 85, 0.24, 13
 85, 0.25, 11
 85, 0.26, 15
 85, 0.27, 15
 85, 0.28, 15
 85, 0.29, 15
 85, 0.30,  9
 85, 0.31,  1
 85, 0.32,  1
 85, 0.33,  1
 85, 0.34,  1
 85, 0.35,  1
 85, 0.36,  1
 85, 0.37,  1
 85, 0.38,  1
 85, 0.39,  1
 85, 0.40,  1
 86, 0.00,  1
 86, 0.01,  1
 86, 0.02,  3
 86, 0.03,  3
 86, 0.04,  3
 86, 0.05,  3
 86, 0.06,  5
 86, 0.07,  5
 86, 0.08,  5
 86, 0.09,  5
 86, 0.10,  7
 86, 0.11,  7
 86, 0.12,  9
 86, 0.13,  5
 86, 0.14,  7
 86, 0.15,  9
 86, 0.16,  7
 86, 0.17, 15
 86, 0.18,  7
 86, 0.19, 15
 86, 0.20, 11
 86, 0.21, 15
 86, 0.22, 15
 86, 0.23, 15
 86, 0.24, 15
 86, 0.25, 15
 86, 0.26, 15
 86, 0.27, 15
 86, 0.28, 15
 86, 0.29, 15
 86, 0.30, 15
 86, 0.31,  1
 86, 0.32,  1
 86, 0.33,  1
 86, 0.34,  1
 86, 0.35,  1
 86, 0.36,  1
 86, 0.37,  1
 86, 0.38,  1
 86, 0.39,  1
 86, 0.40,  1
 87, 0.00,  1
 87, 0.01,  3
 87, 0.02,  3
 87, 0.03,  3
 87, 0.04,  3
 87, 0.05,  3
 87, 0.06,  3
 87, 0.07,  5
 87, 0.08,  3
 87, 0.09,  5
 87, 0.10,  7
 87, 0.11,  7
 87, 0.12,  9
 87, 0.13,  9
 87, 0.14, 15
 87, 0.15,  7
 87, 0.16, 11
 87, 0.17, 11
 87, 0.18, 15
 87, 0.19, 15
 87, 0.20, 15
 87, 0.21, 13
 87, 0.22, 15
 87, 0.23, 15
 87, 0.24, 11
 87, 0.25, 15
 87, 0.26, 13
 87, 0.27, 13
 87, 0.28, 15
 87, 0.29, 13
 87, 0.30,  1
 87, 0.31,  1
 87, 0.32,  1
 87, 0.33,  1
 87, 0.34,  1
 87, 0.35,  1
 87, 0.36,  1
 87, 0.37,  1
 87, 0.38,  1
 87, 0.39,  1
 87, 0.40,  1
 88, 0.00,  1
 88, 0.01,  3
 88, 0.02,  3
 88, 0.03,  3
 88, 0.04,  3
 88, 0.05,  3
 88, 0.06,  5
 88, 0.07,  5
 88, 0.08,  5
 88, 0.09,  5
 88, 0.10,  5
 88, 0.11,  7
 88, 0.12,  5
 88, 0.13,  9
 88, 0.14,  7
 88, 0.15, 13
 88, 0.16,  9
 88, 0.17,  9
 88, 0.18, 13
 88, 0.19, 13
 88, 0.20, 13
 88, 0.21, 13
 88, 0.22, 15
 88, 0.23, 15
 88, 0.24, 13
 88, 0.25, 15
 88, 0.26, 13
 88, 0.27, 15
 88, 0.28, 15
 88, 0.29, 13
 88, 0.30, 15
 88, 0.31, 13
 88, 0.32,  1
 88, 0.33,  1
 88, 0.34,  1
 88, 0.35,  1
 88, 0.36,  1
 88, 0.37,  1
 88, 0.38,  1
 88, 0.39,  1
 88, 0.40,  1
 89, 0.00,  1
 89, 0.01,  3
 89, 0.02,  3
 89, 0.03,  3
 89, 0.04,  3
 89, 0.05,  3
 89, 0.06,  3
 89, 0.07,  5
 89, 0.08,  5
 89, 0.09,  7
 89, 0.10,  7
 89, 0.11,  7
 89, 0.12,  7
 89, 0.13,  7
 89, 0.14,  7
 89, 0.15,  7
 89, 0.16, 11
 89, 0.17, 11
 89, 0.18, 13
 89, 0.19, 13
 89, 0.20, 13
 89, 0.21, 13
 89, 0.22, 13
 89, 0.23, 13
 89, 0.24, 15
 89, 0.25, 15
 89, 0.26, 15
 89, 0.27, 15
 89, 0.28, 15
 89, 0.29, 15
 89, 0.30, 13
 89, 0.31, 15
 89, 0.32,  1
 89, 0.33,  1
 89, 0.34,  1
 89, 0.35,  1
 89, 0.36,  1
 89, 0.37,  1
 89, 0.38,  1
 89, 0.39,  1
 89, 0.40,  1
 90, 0.00,  1
 90, 0.01,  3
 90, 0.02,  3
 90, 0.03,  3
 90, 0.04,  3
 90, 0.05,  3
 90, 0.06,  3
 90, 0.07,  5
 90, 0.08,  5
 90, 0.09,  5
 90, 0.10,  5
 90, 0.11,  7
 90, 0.12,  7
 90, 0.13,  7
 90, 0.14,  7
 90, 0.15,  7
 90, 0.16, 13
 90, 0.17, 13
 90, 0.18, 13
 90, 0.19, 15
 90, 0.20, 13
 90, 0.21, 15
 90, 0.22, 15
 90, 0.23, 15
 90, 0.24, 13
 90, 0.25, 15
 90, 0.26, 15
 90, 0.27, 15
 90, 0.28, 13
 90, 0.29, 15
 90, 0.30,  1
 90, 0.31,  1
 90, 0.32,  1
 90, 0.33,  1
 90, 0.34,  1
 90, 0.35,  1
 90, 0.36,  1
 90, 0.37,  1
 90, 0.38,  1
 90, 0.39,  1
 90, 0.40,  1
 91, 0.00,  1
 91, 0.01,  3
 91, 0.02,  3
 91, 0.03,  3
 91, 0.04,  3
 91, 0.05,  3
 91, 0.06,  3
 91, 0.07,  3
 91, 0.08,  5
 91, 0.09,  5
 91, 0.10,  5
 91, 0.11,  5
 91, 0.12,  7
 91, 0.13,  7
 91, 0.14,  9
 91, 0.15,  9
 91, 0.16, 11
 91, 0.17, 11
 91, 0.18,  9
 91, 0.19, 11
 91, 0.20, 15
 91, 0.21, 13
 91, 0.22, 13
 91, 0.23, 13
 91, 0.24, 13
 91, 0.25, 13
 91, 0.26, 13
 91, 0.27, 13
 91, 0.28, 13
 91, 0.29, 15
 91, 0.30,  9
 91, 0.31,  1
 91, 0.32,  1
 91, 0.33,  1
 91, 0.34,  1
 91, 0.35,  1
 91, 0.36,  1
 91, 0.37,  1
 91, 0.38,  1
 91, 0.39,  1
 91, 0.40,  1
 92, 0.00,  1
 92, 0.01,  3
 92, 0.02,  3
 92, 0.03,  3
 92, 0.04,  5
 92, 0.05,  5
 92, 0.06,  5
 92, 0.07,  5
 92, 0.08,  5
 92, 0.09,  5
 92, 0.10,  5
 92, 0.11,  5
 92, 0.12,  7
 92, 0.13,  7
 92, 0.14,  7
 92, 0.15, 11
 92, 0.16, 11
 92, 0.17, 11
 92, 0.18, 15
 92, 0.19, 13
 92, 0.20, 15
 92, 0.21, 15
 92, 0.22, 15
 92, 0.23, 15
 92, 0.24, 15
 92, 0.25, 13
 92, 0.26, 15
 92, 0.27, 15
 92, 0.28, 15
 92, 0.29, 13
 92, 0.30, 15
 92, 0.31, 15
 92, 0.32, 15
 92, 0.33,  1
 92, 0.34,  1
 92, 0.35,  1
 92, 0.36,  1
 92, 0.37,  1
 92, 0.38,  1
 92, 0.39,  1
 92, 0.40,  1
 93, 0.00,  1
 93, 0.01,  3
 93, 0.02,  3
 93, 0.03,  3
 93, 0.04,  3
 93, 0.05,  3
 93, 0.06,  3
 93, 0.07,  3
 93, 0.08,  5
 93, 0.09,  5
 93, 0.10,  5
 93, 0.11,  7
 93, 0.12,  5
 93, 0.13,  7
 93, 0.14,  5
 93, 0.15,  9
 93, 0.16, 11
 93, 0.17,  9
 93, 0.18, 11
 93, 0.19, 15
 93, 0.20, 13
 93, 0.21, 15
 93, 0.22, 15
 93, 0.23, 13
 93, 0.24, 15
 93, 0.25, 15
 93, 0.26, 15
 93, 0.27, 15
 93, 0.28, 15
 93, 0.29, 15
 93, 0.30,  1
 93, 0.31,  1
 93, 0.32,  1
 93, 0.33,  1
 93, 0.34,  1
 93, 0.35,  1
 93, 0.36,  1
 93, 0.37,  1
 93, 0.38,  1
 93, 0.39,  1
 93, 0.40,  1
 94, 0.00,  1
 94, 0.01,  3
 94, 0.02,  3
 94, 0.03,  3
 94, 0.04,  3
 94, 0.05,  3
 94, 0.06,  3
 94, 0.07,  5
 94, 0.08,  5
 94, 0.09,  7
 94, 0.10,  5
 94, 0.11,  5
 94, 0.12,  5
 94, 0.13,  7
 94, 0.14,  9
 94, 0.15, 11
 94, 0.16, 11
 94, 0.17, 11
 94, 0.18, 15
 94, 0.19, 15
 94, 0.20, 15
 94, 0.21, 15
 94, 0.22, 15
 94, 0.23, 15
 94, 0.24, 15
 94, 0.25, 15
 94, 0.26, 15
 94, 0.27, 15
 94, 0.28, 15
 94, 0.29, 15
 94, 0.30, 15
 94, 0.31, 15
 94, 0.32,  1
 94, 0.33,  1
 94, 0.34,  1
 94, 0.35,  1
 94, 0.36,  1
 94, 0.37,  1
 94, 0.38,  1
 94, 0.39,  1
 94, 0.40,  1
 95, 0.00,  1
 95, 0.01,  3
 95, 0.02,  3
 95, 0.03,  3
 95, 0.04,  3
 95, 0.05,  5
 95, 0.06,  5
 95, 0.07,  5
 95, 0.08,  5
 95, 0.09,  5
 95, 0.10,  5
 95, 0.11,  5
 95, 0.12,  5
 95, 0.13, 11
 95, 0.14,  9
 95, 0.15,  9
 95, 0.16, 11
 95, 0.17, 13
 95, 0.18, 15
 95, 0.19, 11
 95, 0.20, 15
 95, 0.21, 15
 95, 0.22, 13
 95, 0.23, 13
 95, 0.24, 13
 95, 0.25, 13
 95, 0.26, 13
 95, 0.27, 13
 95, 0.28, 15
 95, 0.29, 13
 95, 0.30, 15
 95, 0.31, 15
 95, 0.32,  1
 95, 0.33,  1
 95, 0.34,  1
 95, 0.35,  1
 95, 0.36,  1
 95, 0.37,  1
 95, 0.38,  1
 95, 0.39,  1
 95, 0.40,  1
 96, 0.00,  1
 96, 0.01,  3
 96, 0.02,  3
 96, 0.03,  3
 96, 0.04,  3
 96, 0.05,  3
 96, 0.06,  5
 96, 0.07,  5
 96, 0.08,  5
 96, 0.09,  5
 96, 0.10,  5
 96, 0.11,  5
 96, 0.12,  7
 96, 0.13,  9
 96, 0.14,  9
 96, 0.15,  7
 96, 0.16,  7
 96, 0.17, 13
 96, 0.18,  7
 96, 0.19, 11
 96, 0.20, 13
 96, 0.21, 13
 96, 0.22, 13
 96, 0.23, 13
 96, 0.24, 13
 96, 0.25, 13
 96, 0.26, 13
 96, 0.27, 15
 96, 0.28, 15
 96, 0.29, 13
 96, 0.30, 15
 96, 0.31, 13
 96, 0.32,  1
 96, 0.33,  1
 96, 0.34,  1
 96, 0.35,  1
 96, 0.36,  1
 96, 0.37,  1
 96, 0.38,  1
 96, 0.39,  1
 96, 0.40,  1
 97, 0.00,  1
 97, 0.01,  3
 97, 0.02,  3
 97, 0.03,  3
 97, 0.04,  3
 97, 0.05,  3
 97, 0.06,  3
 97, 0.07,  5
 97, 0.08,  7
 97, 0.09,  7
 97, 0.10,  5
 97, 0.11,  7
 97, 0.12,  9
 97, 0.13,  7
 97, 0.14,  7
 97, 0.15, 11
 97, 0.16,  7
 97, 0.17,  9
 97, 0.18,  9
 97, 0.19, 15
 97, 0.20,  9
 97, 0.21, 15
 97, 0.22, 11
 97, 0.23, 15
 97, 0.24, 15
 97, 0.25, 15
 97, 0.26, 15
 97, 0.27, 15
 97, 0.28, 13
 97, 0.29, 13
 97, 0.30, 13
 97, 0.31,  1
 97, 0.32,  1
 97, 0.33,  1
 97, 0.34,  1
 97, 0.35,  1
 97, 0.36,  1
 97, 0.37,  1
 97, 0.38,  1
 97, 0.39,  1
 97, 0.40,  1
 98, 0.00,  1
 98, 0.01,  3
 98, 0.02,  3
 98, 0.03,  3
 98, 0.04,  3
 98, 0.05,  3
 98, 0.06,  5
 98, 0.07,  5
 98, 0.08,  5
 98, 0.09,  5
 98, 0.10,  5
 98, 0.11,  5
 98, 0.12,  7
 98, 0.13,  7
 98, 0.14,  7
 98, 0.15, 13
 98, 0.16,  9
 98, 0.17, 15
 98, 0.18, 13
 98, 0.19, 15
 98, 0.20, 15
 98, 0.21, 15
 98, 0.22, 13
 98, 0.23, 15
 98, 0.24, 13
 98, 0.25, 15
 98, 0.26, 15
 98, 0.27, 15
 98, 0.28, 13
 98, 0.29, 15
 98, 0.30, 11
 98, 0.31, 15
 98, 0.32,  1
 98, 0.33,  1
 98, 0.34,  1
 98, 0.35,  1
 98, 0.36,  1
 98, 0.37,  1
 98, 0.38,  1
 98, 0.39,  1
 98, 0.40,  1
 99, 0.00,  1
 99, 0.01,  3
 99, 0.02,  3
 99, 0.03,  3
 99, 0.04,  3
 99, 0.05,  3
 99, 0.06,  3
 99, 0.07,  3
 99, 0.08,  5
 99, 0.09,  5
 99, 0.10,  5
 99, 0.11,  7
 99, 0.12,  7
 99, 0.13, 11
 99, 0.14,  9
 99, 0.15, 11
 99, 0.16, 11
 99, 0.17, 13
 99, 0.18, 13
 99, 0.19, 11
 99, 0.20, 13
 99, 0.21, 15
 99, 0.22, 15
 99, 0.23, 13
 99, 0.24, 13
 99, 0.25, 15
 99, 0.26, 15
 99, 0.27, 13
 99, 0.28, 13
 99, 0.29, 15
 99, 0.30, 13
 99, 0.31,  1
 99, 0.32,  1
 99, 0.33,  1
 99, 0.34,  1
 99, 0.35,  1
 99, 0.36,  1
 99, 0.37,  1
 99, 0.38,  1
 99, 0.39,  1
 99, 0.40,  1
100, 0.00,  1
100, 0.01,  3
100, 0.02,  3
100, 0.03,  3
100, 0.04,  3
100, 0.05,  3
100, 0.06,  5
100, 0.07,  5
100, 0.08,  5
100, 0.09,  5
100, 0.10,  7
100, 0.11,  7
100, 0.12,  9
100, 0.13,  9
100, 0.14,  9
100, 0.15, 11
100, 0.16,  9
100, 0.17, 13
100, 0.18, 11
100, 0.19, 13
100, 0.20, 11
100, 0.21, 13
100, 0.22, 13
100, 0.23, 15
100, 0.24, 15
100, 0.25, 13
100, 0.26, 11
100, 0.27, 13
100, 0.28, 15
100, 0.29, 15
100, 0.30, 15
100, 0.31, 13
100, 0.32,  1
100, 0.33,  1
100, 0.34,  1
100, 0.35,  1
100, 0.36,  1
100, 0.37,  1
100, 0.38,  1
100, 0.39,  1
100, 0.40,  1
